"Analyst","Sample.ID","Sample.Tag","Notes1","Type","X434.nm","X578.nm","X730.nm","dyeV","salinity","temperature","a1a2","a1a2crct","pH_is","pH_a","pH_is_crct","pH_a_crct"
"RHartnett"," Blank"," no dye",0," Blank",1e-04,0,1e-04,0,NA,NA,NA,NA,NA,NA,NA,NA
"RHartnett"," M-0072-C1-R1-1"," no dye",0," Measurement 1",0.0813,0.0651,0.1391,0,30.51982311,15.03090719,0.889058913542464,0.889514246365723,7.78211549628547,7.63758296812186,7.78235211711726,7.63781958895365
"RHartnett"," M-0072-C1-R1-1"," m-cresol added",0," Measurement 2",0.7327,0.644,0.137,80,30.51982311,15.03090719,NA,NA,NA,NA,NA,NA
"RHartnett"," B-0073-C1-R1-E"," no dye",0," Measurement 1",0.0867,0.0672,0.1416,0,30.32593202,15.19042708,0.910996402315032,0.911709720006257,7.79140444770623,7.6492633297466,7.79176659608308,7.64962547812346
"RHartnett"," B-0073-C1-R1-E"," m-cresol added",0," Measurement 2",0.7274,0.651,0.143,80,30.32593202,15.19042708,NA,NA,NA,NA,NA,NA
"RHartnett"," DIC-10102019-C1-R1-4"," no dye",0," Measurement 1",0.0346,0.0359,0.1131,0,35,25,2.28457799381352,2.30144463102077,8.08022405921571,8.08022405921571,8.0839369011466,8.0839369011466
"RHartnett"," DIC-10102019-C1-R1-4"," m-cresol added",0," Measurement 2",0.4876,1.0703,0.1135,80,35,25,NA,NA,NA,NA,NA,NA
