"Analyst","Sample.ID","Sample.Tag","Notes1","Type","X434.nm","X578.nm","X730.nm","dyeV","salinity","temperature","a1a2","a1a2crct","pH_is","pH_a","pH_is_crct","pH_a_crct"
"RH; EM"," Blank"," no dye",0," Blank",1e-04,0,0,0,NA,NA,NA,NA,NA,NA,NA,NA
"RH; EM"," SFT-04302019-1-B"," no dye",0," Measurement 1",0.1743,0.1228,0.1861,0,15.3479,22.8455,1.60633899862196,1.61522954524575,7.97860088105352,7.94818947119692,7.9812642389606,7.95085282910401
"RH; EM"," SFT-04302019-1-B"," m-cresol added",0," Measurement 2",0.6061,0.8186,0.1825,80,15.3479,22.8455,NA,NA,NA,NA,NA,NA
"RH; EM"," SFT-04302019-2-C"," no dye",0," Measurement 1",0.1611,0.111,0.1764,0,15.4041,22.8524,1.61742006615215,1.6264409261301,7.98170175306308,7.95138844540222,7.98438748310255,7.95407417544169
"RH; EM"," SFT-04302019-2-C"," m-cresol added",0," Measurement 2",0.5213,0.6952,0.1738,80,15.4041,22.8524,NA,NA,NA,NA,NA,NA
"RH; EM"," SFT-04302019-3-D"," no dye",0," Measurement 1",0.1563,0.107,0.1709,0,15.4741,22.8532,1.63579766536965,1.6450346459144,7.98700006888606,7.95669813509694,7.98972236087869,7.95942042708957
"RH; EM"," SFT-04302019-3-D"," m-cresol added",0," Measurement 2",0.5429,0.7387,0.172,80,15.4741,22.8532,NA,NA,NA,NA,NA,NA
"RH; EM"," DIC-04302019-1-E"," no dye",0," Measurement 1",0.0379,0.0381,0.1138,0,35,NA,2.29991805517618,2.31696509150505,NA,8.08360180350962,NA,8.08733319629834
"RH; EM"," DIC-04302019-1-E"," m-cresol added",0," Measurement 2",0.4046,0.8807,0.1144,80,35,NA,NA,NA,NA,NA,NA,NA
