"Analyst","Sample.ID","Sample.Tag","Notes1","Type","X434.nm","X578.nm","X730.nm","dyeV","salinity","temperature","a1a2","a1a2crct","pH_is","pH_a","pH_is_crct","pH_a_crct"
"RHartnett"," Blank"," no dye",0," Blank",0,8e-04,1e-04,0,NA,NA,NA,NA,NA,NA,NA,NA
"RHartnett"," B-0066-C1-P1-1"," no dye",0," Measurement 1",0.1392,0.0977,0.1563,0,22.22046264,18.87821434,0.948875255623722,0.950034028629857,7.77281909766459,7.68523435238961,7.77338498627453,7.68580024099955
"RHartnett"," B-0066-C1-P1-1"," m-cresol added",0," Measurement 2",0.68,0.611,0.1592,80,22.22046264,18.87821434,NA,NA,NA,NA,NA,NA
"RHartnett"," M-0067-C1-P1-E"," no dye",0," Measurement 1",0.1417,0.1052,0.1669,0,28.05285269,16.22954186,0.922723091076357,0.923574314627415,7.78660719378003,7.65997923104561,7.78703411179891,7.66040614906449
"RHartnett"," M-0067-C1-P1-E"," m-cresol added",0," Measurement 2",0.694,0.6155,0.1757,80,28.05285269,16.22954186,NA,NA,NA,NA,NA,NA
"RHartnett"," DICK-07102019"," no dye",0," Measurement 1",0.0354,0.0354,0.1128,0,35,25,2.31230639256547,2.32949911574204,8.08631576541633,8.08631576541633,8.0900620266582,8.0900620266582
"RHartnett"," DICK-07102019"," m-cresol added",0," Measurement 2",0.3911,0.8571,0.1134,80,35,25,NA,NA,NA,NA,NA,NA
