"Analyst","Sample.ID","Sample.Tag","Notes1","Type","X434.nm","X578.nm","X730.nm","dyeV","salinity","temperature","a1a2","a1a2crct","pH_is","pH_a","pH_is_crct","pH_a_crct"
"RHartnett"," Blank"," no dye",0," Blank",-1e-04,0,0,0,NA,NA,NA,NA,NA,NA,NA,NA
"RHartnett"," pH-BATH-11062019-1-E"," no dye",0," Measurement 1",0.2615,0.1479,0.1862,0,33.024,16.8293,1.51632653061224,1.52415853061224,8.00087844189632,7.88315378530883,8.00335022532868,7.8856255687412
"RHartnett"," pH-BATH-11062019-1-E"," m-cresol added",0," Measurement 2",0.8016,0.9663,0.1873,80,33.024,16.8293,NA,NA,NA,NA,NA,NA
"RHartnett"," pH-BATH-11062019-2-G"," no dye",0," Measurement 1",0.2601,0.1461,0.1847,0,33.0249,16.8453,1.51759911078177,1.52544607632456,8.00104194150169,7.8835542978252,8.00351656383462,7.88602892015813
"RHartnett"," pH-BATH-11062019-2-G"," m-cresol added",0," Measurement 2",0.8008,0.9662,0.1856,80,33.0249,16.8453,NA,NA,NA,NA,NA,NA
"RHartnett"," pH-BATH-11062019-3-4"," no dye",0," Measurement 1",0.2626,0.1483,0.1868,0,33.0259,16.8572,1.51198791768926,1.51976889560128,7.99908691482176,7.88177553253904,8.00154898964719,7.88423760736447
"RHartnett"," pH-BATH-11062019-3-4"," m-cresol added",0," Measurement 2",0.7921,0.949,0.1866,80,33.0259,16.8572,NA,NA,NA,NA,NA,NA
"RHartnett"," DIC-11062019-1-2"," no dye",0," Measurement 1",0.0354,0.0369,0.1122,0,35,NA,2.2733319030251,2.29006628620468,NA,8.07773558314219,NA,8.0814347249956
"RHartnett"," DIC-11062019-1-2"," m-cresol added",0," Measurement 2",0.5027,1.0977,0.1134,80,35,NA,NA,NA,NA,NA,NA,NA
