"Analyst","Sample.ID","Sample.Tag","Notes1","Type","X434.nm","X578.nm","X730.nm","dyeV","salinity","temperature","a1a2","a1a2crct","pH_is","pH_a","pH_is_crct","pH_a_crct"
"RH; CH"," Blank with air"," N/A",0," Blank",0,0,-1e-04,0,NA,NA,NA,NA,NA,NA,NA,NA
"RH; CH"," M-0058-C1-R1-1"," no dye",0," Measurement 1",0.2453,0.1726,0.214,0,24.1437,12.1997,1.19322033898305,1.19725261016949,7.97555306758851,7.78813222223405,7.9771397199617,7.78971887460725
"RH; CH"," M-0058-C1-R1-1"," m-cresol added",0," Measurement 2",0.8596,0.8952,0.2678,80,24.1437,12.1997,NA,NA,NA,NA,NA,NA
"RH; CH"," M-0058-C1-R2-2"," no dye",0," Measurement 1",0.3354,0.2565,0.2862,0,24.1437,12.1997,1.20830629461389,1.21251597663855,7.98146391239782,7.79404306704337,7.98310109097628,7.79568024562182
"RH; CH"," M-0058-C1-R2-2"," m-cresol added",0," Measurement 2",0.9577,1.0072,0.2921,80,24.1437,12.1997,NA,NA,NA,NA,NA,NA
"RH; CH"," M-0058-C1-R3-3"," no dye",0," Measurement 1",0.3814,0.2862,0.3162,0,24.1437,12.1997,1.22858557517742,1.23303374154151,7.98930261029527,7.80188176494081,7.99100594904555,7.80358510369109
"RH; CH"," M-0058-C1-R3-3"," m-cresol added",0," Measurement 2",0.9871,1.0304,0.316,80,24.1437,12.1997,NA,NA,NA,NA,NA,NA
